category	name	url	requested_ref	fixed_revision	version	local_path	status	license_file
01-计算机基础	ossu-computer-science	https://github.com/ossu/computer-science	master	33d44a44e3526ede8e862bf1ad50ae5ae7a2f112	rolling	learning-materials/01-计算机基础/ossu-computer-science	ok	/var/www/wsl_doc/learning-materials/01-计算机基础/ossu-computer-science/LICENSE
01-计算机基础	cs-self-learning	https://github.com/PKUFlyingPig/cs-self-learning	master	adce8e13789dc16aa6d1fbe163e9541736defae4	rolling	learning-materials/01-计算机基础/cs-self-learning	ok	/var/www/wsl_doc/learning-materials/01-计算机基础/cs-self-learning/LICENSE
01-计算机基础	riscv-isa-manual	https://github.com/riscv/riscv-isa-manual	main	7fa630c8536cd614fb3cbb58169481c7148155f5	rolling	learning-materials/01-计算机基础/riscv-isa-manual	ok	/var/www/wsl_doc/learning-materials/01-计算机基础/riscv-isa-manual/LICENSE
01-计算机基础	nemu	https://github.com/NJU-ProjectN/nemu	master	61a95c38d8a29b73cee6567547b681133560a11b	rolling	learning-materials/01-计算机基础/nemu	ok	/var/www/wsl_doc/learning-materials/01-计算机基础/nemu/LICENSE
01-计算机基础	ics-pa-gitbook	https://github.com/NJU-ProjectN/ics-pa-gitbook	master	ad7ba862c58989e370f1ab381230d3d26d35c76b	rolling	learning-materials/01-计算机基础/ics-pa-gitbook	ok	未在前三层目录发现；使用前核对上游许可
01-计算机基础	xv6-riscv	https://github.com/mit-pdos/xv6-riscv	riscv	7d01506ee03394b6b1a161ccee69cd150ab471fc	rolling	learning-materials/01-计算机基础/xv6-riscv	ok	/var/www/wsl_doc/learning-materials/01-计算机基础/xv6-riscv/LICENSE
01-计算机基础	xv6-riscv-book	https://github.com/mit-pdos/xv6-riscv-book	xv6-riscv	edd6b315c49e938469e6bdb821dbcf81a5ffc344	rolling	learning-materials/01-计算机基础/xv6-riscv-book	ok	/var/www/wsl_doc/learning-materials/01-计算机基础/xv6-riscv-book/LICENSE
01-计算机基础	ostep-code	https://github.com/remzi-arpacidusseau/ostep-code	master	ba628e3dd929389dcd78c933d330dd5e70ddca85	rolling	learning-materials/01-计算机基础/ostep-code	ok	未在前三层目录发现；使用前核对上游许可
01-计算机基础	computer-networks-systems-approach	https://github.com/SystemsApproach/book	master	ef3894652867996b1380b45df0bb0386456b1919	rolling	learning-materials/01-计算机基础/computer-networks-systems-approach	ok	/var/www/wsl_doc/learning-materials/01-计算机基础/computer-networks-systems-approach/LICENSE
01-计算机基础	open-data-structures	https://github.com/patmorin/ods	master	9d22c44906dda2017b2ef0c762025bee644b58aa	rolling	learning-materials/01-计算机基础/open-data-structures	ok	/var/www/wsl_doc/learning-materials/01-计算机基础/open-data-structures/COPYING
01-计算机基础	cp-algorithms	https://github.com/cp-algorithms/cp-algorithms	main	85a94001d46b9f34d3b2cf26aca6bd0f7a7e8681	rolling	learning-materials/01-计算机基础/cp-algorithms	ok	/var/www/wsl_doc/learning-materials/01-计算机基础/cp-algorithms/LICENSE
01-计算机基础	the-algorithms-python	https://github.com/TheAlgorithms/Python	master	f5988cc09713315817df6a7e327e258013a94440	rolling	learning-materials/01-计算机基础/the-algorithms-python	ok	/var/www/wsl_doc/learning-materials/01-计算机基础/the-algorithms-python/LICENSE.md
02-Web与服务端	http-core	https://github.com/httpwg/http-core	main	bde37f634681bd5462568b73aa722af9c9a3ef5e	rolling	learning-materials/02-Web与服务端/http-core	ok	未在前三层目录发现；使用前核对上游许可
02-Web与服务端	mdn-content	https://github.com/mdn/content	main	d14bee540b5305ddeb93969618ba05102b648bb6	rolling	learning-materials/02-Web与服务端/mdn-content	ok	/var/www/wsl_doc/learning-materials/02-Web与服务端/mdn-content/LICENSE.md
02-Web与服务端	whatwg-html	https://github.com/whatwg/html	main	ac0389a3aca0331055bf4bf23f509c2913e3f795	rolling	learning-materials/02-Web与服务端/whatwg-html	ok	/var/www/wsl_doc/learning-materials/02-Web与服务端/whatwg-html/LICENSE
02-Web与服务端	everything-curl	https://github.com/curl/everything-curl	master	a24ecc13da07f452ba26072ede745465d0b28071	rolling	learning-materials/02-Web与服务端/everything-curl	ok	/var/www/wsl_doc/learning-materials/02-Web与服务端/everything-curl/LICENSE
02-Web与服务端	php-doc-zh	https://github.com/php/doc-zh	master	337ffe2fec51a17e2d369768247d5ec71c252d39	rolling	learning-materials/02-Web与服务端/php-doc-zh	ok	未在前三层目录发现；使用前核对上游许可
02-Web与服务端	php-doc-en	https://github.com/php/doc-en	master	36d18e7d4a32ecfdacc1eb086276ffb1baf0393c	rolling	learning-materials/02-Web与服务端/php-doc-en	ok	/var/www/wsl_doc/learning-materials/02-Web与服务端/php-doc-en/appendices/license.xml
02-Web与服务端	nginx-documentation	https://github.com/nginx/documentation	main	516594c72dd0dc6e97a2908814f990c7fc0a635d	rolling	learning-materials/02-Web与服务端/nginx-documentation	ok	/var/www/wsl_doc/learning-materials/02-Web与服务端/nginx-documentation/LICENSE
02-Web与服务端	nodejs-documentation	https://github.com/nodejs/nodejs.org	main	ddc4de58490a366c1c8baa78f5fc262d649dca4d	rolling	learning-materials/02-Web与服务端/nodejs-documentation	ok	/var/www/wsl_doc/learning-materials/02-Web与服务端/nodejs-documentation/LICENSE
02-Web与服务端	vue3-documentation	https://github.com/vuejs/docs	main	b75d188ab16bf83bd1f364a77dfd2315be8f3fa4	3.x	learning-materials/02-Web与服务端/vue3-documentation	ok	/var/www/wsl_doc/learning-materials/02-Web与服务端/vue3-documentation/LICENSE
02-Web与服务端	react-documentation	https://github.com/reactjs/react.dev	main	383a1e9239c8c084a16a19daa4fc2a7ad04e2a3a	rolling	learning-materials/02-Web与服务端/react-documentation	ok	未在前三层目录发现；使用前核对上游许可
03-数据库与中间件	mysql-5.7-manual	https://downloads.mysql.com/docs/refman-5.7-en.pdf	-	5.7	5.7	learning-materials/03-数据库与中间件/mysql-5.7-manual	ok	未在前三层目录发现；使用前核对上游许可
03-数据库与中间件	mysql-8.0-manual	https://downloads.mysql.com/docs/refman-8.0-en.pdf	-	8.0	8.0	learning-materials/03-数据库与中间件/mysql-8.0-manual	ok	未在前三层目录发现；使用前核对上游许可
03-数据库与中间件	mysql-8.4-manual	https://downloads.mysql.com/docs/refman-8.4-en.pdf	-	8.4	8.4	learning-materials/03-数据库与中间件/mysql-8.4-manual	ok	未在前三层目录发现；使用前核对上游许可
03-数据库与中间件	redis-docs	https://github.com/redis/docs	main	5a33ec4e83a82051092e0a3b821b42286bd377ee	rolling	learning-materials/03-数据库与中间件/redis-docs	ok	/var/www/wsl_doc/learning-materials/03-数据库与中间件/redis-docs/LICENSE
03-数据库与中间件	elasticsearch-docs	https://github.com/elastic/docs-content	main	dac525737feafb89765c1f90f0085a94279186b8	rolling	learning-materials/03-数据库与中间件/elasticsearch-docs	ok	/var/www/wsl_doc/learning-materials/03-数据库与中间件/elasticsearch-docs/LICENSE
03-数据库与中间件	mongodb-docs	https://github.com/mongodb/docs	main	1320ed3c6caa97e576271a19c7b148e8d08671ae	rolling	learning-materials/03-数据库与中间件/mongodb-docs	ok	/var/www/wsl_doc/learning-materials/03-数据库与中间件/mongodb-docs/ext-source/docs-notebooks/LICENSE
03-数据库与中间件	rabbitmq-documentation	https://github.com/rabbitmq/rabbitmq-website	main	1bbab51425ad3c26627889805fc5a0be7fd7950c	rolling	learning-materials/03-数据库与中间件/rabbitmq-documentation	ok	未在前三层目录发现；使用前核对上游许可
03-数据库与中间件	grpc-documentation	https://github.com/grpc/grpc.io	main	ed0b28a4a19b6832f62e4c1d9bfedd32d757cf58	rolling	learning-materials/03-数据库与中间件/grpc-documentation	ok	/var/www/wsl_doc/learning-materials/03-数据库与中间件/grpc-documentation/LICENSE
04-分布式与架构	design-patterns-php	https://github.com/RefactoringGuru/design-patterns-php	main	8424aa7bc8f81ed93c4871729aad8687709b3fba	rolling	learning-materials/04-分布式与架构/design-patterns-php	ok	/var/www/wsl_doc/learning-materials/04-分布式与架构/design-patterns-php/LICENSE.txt
04-分布式与架构	java-design-patterns	https://github.com/iluwatar/java-design-patterns	master	b55fc2bcb5f8e1c4b884bca0a38d402d19fe467c	rolling	learning-materials/04-分布式与架构/java-design-patterns	ok	/var/www/wsl_doc/learning-materials/04-分布式与架构/java-design-patterns/LICENSE.md
04-分布式与架构	system-design-primer	https://github.com/donnemartin/system-design-primer	master	ae9bbd7b02d90b9866215de185217d33f39ab733	rolling	learning-materials/04-分布式与架构/system-design-primer	ok	/var/www/wsl_doc/learning-materials/04-分布式与架构/system-design-primer/LICENSE.txt
04-分布式与架构	system-design-101	https://github.com/ByteByteGoHq/system-design-101	main	b28380a4710c5ec9638ec037d4168e288f334cba	rolling	learning-materials/04-分布式与架构/system-design-101	ok	/var/www/wsl_doc/learning-materials/04-分布式与架构/system-design-101/LICENSE.md
04-分布式与架构	architecture-center	https://github.com/MicrosoftDocs/architecture-center	main	c8d425de181f581df8ec98953ec6cd5f1825f0ba	rolling	learning-materials/04-分布式与架构/architecture-center	ok	/var/www/wsl_doc/learning-materials/04-分布式与架构/architecture-center/LICENSE
04-分布式与架构	openapi-specification	https://github.com/OAI/OpenAPI-Specification	main	6d6084fb9ca086dc6db3de9e4089d5fb33c753df	rolling	learning-materials/04-分布式与架构/openapi-specification	ok	/var/www/wsl_doc/learning-materials/04-分布式与架构/openapi-specification/LICENSE
05-运维可观测性与安全	docker-docs	https://github.com/docker/docs	main	3a9d778562f39bcc0be46255b013c6a3ca526244	rolling	learning-materials/05-运维可观测性与安全/docker-docs	ok	/var/www/wsl_doc/learning-materials/05-运维可观测性与安全/docker-docs/LICENSE
05-运维可观测性与安全	kubernetes-website	https://github.com/kubernetes/website	main	6449f1eced66d36159c06c3cfae1d1aeec40d4a3	rolling	learning-materials/05-运维可观测性与安全/kubernetes-website	ok	/var/www/wsl_doc/learning-materials/05-运维可观测性与安全/kubernetes-website/LICENSE
05-运维可观测性与安全	prometheus-docs	https://github.com/prometheus/docs	main	6ee5b68a4660d0b4e7999c9ae8ddb025ca400aef	rolling	learning-materials/05-运维可观测性与安全/prometheus-docs	ok	/var/www/wsl_doc/learning-materials/05-运维可观测性与安全/prometheus-docs/LICENSE
05-运维可观测性与安全	opentelemetry-docs	https://github.com/open-telemetry/opentelemetry.io	main	60d50174e01d221f65af4b69ad1ae946fbc16ec8	rolling	learning-materials/05-运维可观测性与安全/opentelemetry-docs	ok	/var/www/wsl_doc/learning-materials/05-运维可观测性与安全/opentelemetry-docs/LICENSE
05-运维可观测性与安全	owasp-cheat-sheets	https://github.com/OWASP/CheatSheetSeries	master	07111ee754e832e335377ac64fd0f8f848d9029c	rolling	learning-materials/05-运维可观测性与安全/owasp-cheat-sheets	ok	/var/www/wsl_doc/learning-materials/05-运维可观测性与安全/owasp-cheat-sheets/LICENSE.md
